question_id,question,answer,score
1,How often do you talk about visual novels?,"Rarely, if ever.",1
1,How often do you talk about visual novels?,When there’s big news.,2
1,How often do you talk about visual novels?,At least once a week.,3
1,How often do you talk about visual novels?,"Daily, just try to stop me!",4
2,Have you had fan art made of any visual novel?,"No, that’s weird.",1
2,Have you had fan art made of any visual novel?,"Once, as a joke.",2
2,Have you had fan art made of any visual novel?,"Yes, and I shared it online.",3
2,Have you had fan art made of any visual novel?,I became an artist so I could MAKE VISUAL NOVELs art.,4
3,Have you ever contributed to a fan site for a visual novel?,No.,1
3,Have you ever contributed to a fan site for a visual novel?,"Once or twice, sure!",2
3,Have you ever contributed to a fan site for a visual novel?,"Yes, I contribute regularly to them!",3
3,Have you ever contributed to a fan site for a visual novel?,I own TEN.,4
4,How many times have you posted about your favorite visual novel?,Never.,1
4,How many times have you posted about your favorite visual novel?,idk like 4 or 5 times???,2
4,How many times have you posted about your favorite visual novel?,Over a hundred.,3
4,How many times have you posted about your favorite visual novel?,I lost track of how many times I did it today.,4
5,Have you ever given someone a visual novel as a gift?,"No, and I am a deplorable wretch of a person with no joy in their heart",1
5,Have you ever given someone a visual novel as a gift?,Yes.,2
5,Have you ever given someone a visual novel as a gift?,"Yes, several times.",3
5,Have you ever given someone a visual novel as a gift?,I Make Visual Novels as my gift to the world.,4
6,How many platforms are you promoting visual novels on?,None.,1
6,How many platforms are you promoting visual novels on?,Just one or two,2
6,How many platforms are you promoting visual novels on?,Most major social platforms.,3
6,How many platforms are you promoting visual novels on?,I am wanted for felony level littering in 7 cities for scattering visual novel flyers from sky scrapers.,4
7,Have you converted any of your family members into visual novel fans?,No. Also I'm a huge disappointment to everyone who ever had hope in me.,1
7,Have you converted any of your family members into visual novel fans?,"I've tried, but no.",2
7,Have you converted any of your family members into visual novel fans?,Yes!,3
7,Have you converted any of your family members into visual novel fans?,"Yes, and those showing resistance will break soon.",4
8,Do you wear any visual novel merchandise?,No??,1
8,Do you wear any visual novel merchandise?,I've thought about it.,2
8,Do you wear any visual novel merchandise?,Yes,3
8,Do you wear any visual novel merchandise?,Did someone say visual novel merch?! Are you holding out on me?!,4
9,How do you react to negative feedback about your favorite visual novel?,I ignore it.,1
9,How do you react to negative feedback about your favorite visual novel?,I politely disagree with them.,2
9,How do you react to negative feedback about your favorite visual novel?,I unpolitely disagree with them.,3
9,How do you react to negative feedback about your favorite visual novel?,I add them to The List of People With Very Bad Opinions.,4
10,What is the best way to experience visual novels?,See visual novels,1
10,What is the best way to experience visual novels?,Read visual novels,2
10,What is the best way to experience visual novels?,Love visual novels,3
10,What is the best way to experience visual novels?,Make Visual Novels,4